application_number,hall_ticket_number,secret_key,rank
APP001,HT001,Snd8cg,4998
APP002,HT002,vYZyVn,9000
APP003,HT003,FjObYW,80197
APP004,HT004,XXn9UU,87334
APP005,HT005,FiyMJE,92666
APP006,HT006,zblQxs,36367
APP007,HT007,,85866
APP008,HT008,,42585
APP009,HT009,TQ7Xdz,8379
APP010,HT010,6qo1gX,10452
APP011,HT011,,40345
APP012,HT012,,11952
APP013,HT013,,98988
APP014,HT014,o1Bl3C,67
APP015,HT015,,87401
APP016,HT016,,80919
APP017,HT017,,31604
APP018,HT018,,77651
APP019,HT019,,37691
APP020,HT020,mw6kgI,55243
APP021,HT021,,83872
APP022,HT022,,77211
APP023,HT023,,9553
APP024,HT024,,56123
APP025,HT025,,6843
APP026,HT026,,21665
APP027,HT027,,80124
APP028,HT028,,90883
APP029,HT029,,15849
APP030,HT030,aOmaUg,73134
APP031,HT031,,11443
APP032,HT032,,58953
APP033,HT033,,55152
APP034,HT034,,79416
APP035,HT035,,11201
APP036,HT036,,25441
APP037,HT037,,28433
APP038,HT038,ajoVis,95659
APP039,HT039,,18180
APP040,HT040,,2386
APP041,HT041,,79879
APP042,HT042,,93020
APP043,HT043,9yqimU,94445
APP044,HT044,,94634
APP045,HT045,,41352
APP046,HT046,,25912
APP047,HT047,,21639
APP048,HT048,,16575
APP049,HT049,,84162
APP050,HT050,,85801
APP051,HT051,,95137
APP052,HT052,,80797
APP053,HT053,,20547
APP054,HT054,,13113
APP055,HT055,,15187
APP056,HT056,,43562
APP057,HT057,,88321
APP058,HT058,,64420
APP059,HT059,,98017
APP060,HT060,,56879
APP061,HT061,,75055
APP062,HT062,,85488
APP063,HT063,,38303
APP064,HT064,,60035
APP065,HT065,,86371
APP066,HT066,,26049
APP067,HT067,,32757
APP068,HT068,,78238
APP069,HT069,,97279
APP070,HT070,,52668
APP071,HT071,,1990
APP072,HT072,,98511
APP073,HT073,,93229
APP074,HT074,,51679
APP075,HT075,,75290
APP076,HT076,,70084
APP077,HT077,,57648
APP078,HT078,,43754
APP079,HT079,,6303
APP080,HT080,,35347
APP081,HT081,,74514
APP082,HT082,,39012
APP083,HT083,,80262
APP084,HT084,,47023
APP085,HT085,,90228
APP086,HT086,,44982
APP087,HT087,,54180
APP088,HT088,,99159
APP089,HT089,,12989
APP090,HT090,,21236
APP091,HT091,,97520
APP092,HT092,,89573
APP093,HT093,,28382
APP094,HT094,,76647
APP095,HT095,,7319
APP096,HT096,,75039
APP097,HT097,1hDbro,32554
APP098,HT098,QVhAqY,79242
APP099,HT099,,93579
APP100,HT100,y4lLNx,20028
